author,content
USER,"Get some work done together, help each other."
Lucas Martinez,I think working together is a great idea! What tasks do you want to tackle first?
Lucas Martinez,"Hey Clara, I'm ready to get started on our projects. What do you think we should focus on first?"
Clara Thompson,I think we should start by brainstorming new content ideas for our upcoming campaign. What do you think?
Lucas Martinez,I think brainstorming new content ideas is a great starting point! I have a few ideas in mind that we can discuss. What do you think?
Clara Thompson,I'm excited to hear your ideas! What do you have in mind?
Lucas Martinez,I have a few ideas in mind! One is to create interactive social media posts that engage our audience. Another idea is to encourage user-generated content by running a contest. What do you think?
Clara Thompson,I really like your ideas! Creating interactive social media posts and running a contest for user-generated content could really engage our audience. Let's discuss how we can implement these.
Lucas Martinez,Great! Let's start by discussing the platforms we want to use for the interactive posts. I think Instagram and Facebook could be effective. What do you think?
Clara Thompson,I agree that Instagram and Facebook are great choices! We could also consider Twitter for quick updates or TikTok for more engaging video content. What do you think?
Lucas Martinez,I think incorporating Twitter for updates and TikTok for engaging videos is a fantastic idea! We can create content that fits each platform's style. Let's brainstorm some specific ideas for each one.
Clara Thompson,"Absolutely! Let's brainstorm some specific ideas for Twitter and TikTok. For Twitter, we could share quick tips related to our content, and for TikTok, maybe we can create fun behind-the-scenes videos of our process. What do you think?"
